{"cameraMode":{"drawMode":0,"name":"Shaded","section":"Shading Mode"},"sceneLighting":true,"audioPlay":false,"sceneViewState":{"m_AlwaysRefresh":false,"showFog":true,"showSkybox":true,"showFlares":true,"showImageEffects":true,"showParticleSystems":true,"showVisualEffectGraphs":true,"m_FxEnabled":true},"in2DMode":false,"pivot":{"x":163.34764099121095,"y":643.0440673828125,"z":159.64295959472657},"rotation":{"x":0.3739878833293915,"y":-0.5692605972290039,"z":0.32429543137550356,"w":0.6565399169921875},"size":151.08737182617188,"orthographic":false}